,Rank,Club,Country,Level,Elo,From,To
0,None,Paderborn,FRG,2,1431.91625977,1982-07-04,1982-08-07
1,None,Paderborn,FRG,2,1419.74719238,1982-08-08,1982-08-14
2,None,Paderborn,FRG,2,1425.02648926,1982-08-15,1982-08-21
3,None,Paderborn,FRG,2,1417.8269043,1982-08-22,1982-08-24
4,None,Paderborn,FRG,2,1410.41381836,1982-08-25,1982-08-31
5,None,Paderborn,FRG,2,1414.23522949,1982-09-01,1982-09-04
6,None,Paderborn,FRG,2,1419.53051758,1982-09-05,1982-09-11
7,None,Paderborn,FRG,2,1413.47143555,1982-09-12,1982-09-15
8,None,Paderborn,FRG,2,1416.21069336,1982-09-16,1982-09-18
9,None,Paderborn,FRG,2,1405.36279297,1982-09-19,1982-09-26
10,None,Paderborn,FRG,2,1403.1607666,1982-09-27,1982-09-29
11,None,Paderborn,FRG,2,1395.82263184,1982-09-30,1982-10-02
12,None,Paderborn,FRG,2,1409.10778809,1982-10-03,1982-10-06
13,None,Paderborn,FRG,2,1409.36645508,1982-10-07,1982-10-10
14,None,Paderborn,FRG,2,1405.86450195,1982-10-11,1982-10-15
15,None,Paderborn,FRG,2,1401.32983398,1982-10-16,1982-10-20
16,None,Paderborn,FRG,2,1404.4197998,1982-10-21,1982-10-24
17,None,Paderborn,FRG,2,1387.66967773,1982-10-25,1982-11-03
18,None,Paderborn,FRG,2,1396.67346191,1982-11-04,1982-11-06
19,None,Paderborn,FRG,2,1408.85803223,1982-11-07,1982-11-12
20,None,Paderborn,FRG,2,1404.13842773,1982-11-13,1982-11-20
21,None,Paderborn,FRG,2,1402.53979492,1982-11-21,1982-11-24
22,None,Paderborn,FRG,2,1401.55126953,1982-11-25,1982-11-27
23,None,Paderborn,FRG,2,1395.55712891,1982-11-28,1982-12-04
24,None,Paderborn,FRG,2,1388.45239258,1982-12-05,1982-12-08
25,None,Paderborn,FRG,2,1381.7244873,1982-12-09,1982-12-12
26,None,Paderborn,FRG,2,1378.15869141,1982-12-13,1983-01-09
27,None,Paderborn,FRG,2,1375.67504883,1983-01-10,1983-01-15
28,None,Paderborn,FRG,2,1365.87182617,1983-01-16,1983-01-23
29,None,Paderborn,FRG,2,1366.62353516,1983-01-24,1983-01-29
30,None,Paderborn,FRG,2,1365.3026123,1983-01-30,1983-02-05
31,None,Paderborn,FRG,2,1373.13098145,1983-02-06,1983-02-19
32,None,Paderborn,FRG,2,1369.38696289,1983-02-20,1983-03-02
33,None,Paderborn,FRG,2,1369.53881836,1983-03-03,1983-03-05
34,None,Paderborn,FRG,2,1366.53283691,1983-03-06,1983-03-12
35,None,Paderborn,FRG,2,1378.70349121,1983-03-13,1983-03-16
36,None,Paderborn,FRG,2,1370.91333008,1983-03-17,1983-03-19
37,None,Paderborn,FRG,2,1367.18017578,1983-03-20,1983-03-27
38,None,Paderborn,FRG,2,1368.10144043,1983-03-28,1983-03-31
39,None,Paderborn,FRG,2,1357.76098633,1983-04-01,1983-04-06
40,None,Paderborn,FRG,2,1359.36828613,1983-04-07,1983-04-09
41,None,Paderborn,FRG,2,1357.42199707,1983-04-10,1983-04-16
42,None,Paderborn,FRG,2,1358.02099609,1983-04-17,1983-04-20
43,None,Paderborn,FRG,2,1358.62255859,1983-04-21,1983-04-29
44,None,Paderborn,FRG,2,1354.87133789,1983-04-30,1983-05-07
45,None,Paderborn,FRG,2,1334.70849609,1983-05-08,1983-05-14
46,None,Paderborn,FRG,2,1354.74450684,1983-05-15,1983-05-21
47,None,Paderborn,FRG,2,1362.28112793,1983-05-22,1983-05-25
48,None,Paderborn,FRG,2,1364.19262695,1983-05-26,1983-05-29
49,None,Paderborn,FRG,2,1371.43310547,1983-05-30,1983-06-05
50,None,Paderborn,FRG,2,1371.00061035,1983-06-06,1983-07-01
51,None,Paderborn,GER,2,1387.29382324,2005-07-02,2005-07-14
52,None,Paderborn,GER,2,1387.35961914,2005-07-15,2005-07-28
53,None,Paderborn,GER,2,1387.35546875,2005-07-29,2005-08-07
54,None,Paderborn,GER,2,1377.72253418,2005-08-08,2005-08-10
55,None,Paderborn,GER,2,1376.59094238,2005-08-11,2005-08-11
56,None,Paderborn,GER,2,1376.78063965,2005-08-12,2005-08-14
57,None,Paderborn,GER,2,1390.62731934,2005-08-15,2005-08-24
58,None,Paderborn,GER,2,1394.53540039,2005-08-25,2005-08-25
59,None,Paderborn,GER,2,1394.66162109,2005-08-26,2005-08-28
60,None,Paderborn,GER,2,1406.21862793,2005-08-29,2005-09-11
61,None,Paderborn,GER,2,1412.52526855,2005-09-12,2005-09-13
62,None,Paderborn,GER,2,1411.51733398,2005-09-14,2005-09-14
63,None,Paderborn,GER,2,1408.31335449,2005-09-15,2005-09-15
64,None,Paderborn,GER,2,1404.01782227,2005-09-16,2005-09-18
65,None,Paderborn,GER,2,1398.80285645,2005-09-19,2005-09-21
66,None,Paderborn,GER,2,1390.65063477,2005-09-22,2005-09-25
67,None,Paderborn,GER,2,1407.13745117,2005-09-26,2005-09-27
68,None,Paderborn,GER,2,1404.72192383,2005-09-28,2005-09-28
69,None,Paderborn,GER,2,1405.56115723,2005-09-29,2005-09-29
70,None,Paderborn,GER,2,1401.96655273,2005-09-30,2005-10-02
71,None,Paderborn,GER,2,1411.78051758,2005-10-03,2005-10-14
72,None,Paderborn,GER,2,1408.51293945,2005-10-15,2005-10-18
73,None,Paderborn,GER,2,1411.88659668,2005-10-19,2005-10-19
74,None,Paderborn,GER,2,1412.94580078,2005-10-20,2005-10-20
75,None,Paderborn,GER,2,1423.54064941,2005-10-21,2005-10-21
76,None,Paderborn,GER,2,1434.64208984,2005-10-22,2005-10-28
77,None,Paderborn,GER,2,1441.31921387,2005-10-29,2005-11-01
78,None,Paderborn,GER,2,1443.99804688,2005-11-02,2005-11-02
79,None,Paderborn,GER,2,1443.5098877,2005-11-03,2005-11-03
80,None,Paderborn,GER,2,1438.86450195,2005-11-04,2005-11-06
81,None,Paderborn,GER,2,1438.08813477,2005-11-07,2005-11-18
82,None,Paderborn,GER,2,1448.91479492,2005-11-19,2005-11-22
83,None,Paderborn,GER,2,1448.22021484,2005-11-23,2005-11-23
84,None,Paderborn,GER,2,1453.47521973,2005-11-24,2005-11-24
85,None,Paderborn,GER,2,1451.77270508,2005-11-25,2005-11-27
86,None,Paderborn,GER,2,1447.54467773,2005-11-28,2005-11-30
87,None,Paderborn,GER,2,1448.70251465,2005-12-01,2005-12-04
88,None,Paderborn,GER,2,1434.78466797,2005-12-05,2005-12-06
89,None,Paderborn,GER,2,1433.74743652,2005-12-07,2005-12-07
90,None,Paderborn,GER,2,1434.02807617,2005-12-08,2005-12-09
91,None,Paderborn,GER,2,1428.76904297,2005-12-10,2005-12-14
92,None,Paderborn,GER,2,1429.92553711,2005-12-15,2005-12-15
93,None,Paderborn,GER,2,1429.3861084,2005-12-16,2005-12-19
94,None,Paderborn,GER,2,1440.27966309,2005-12-20,2006-01-22
95,None,Paderborn,GER,2,1438.28955078,2006-01-23,2006-01-28
96,None,Paderborn,GER,2,1438.64453125,2006-01-29,2006-02-05
97,None,Paderborn,GER,2,1437.28466797,2006-02-06,2006-02-12
98,None,Paderborn,GER,2,1450.72741699,2006-02-13,2006-02-15
99,None,Paderborn,GER,2,1447.07995605,2006-02-16,2006-02-16
100,None,Paderborn,GER,2,1441.2265625,2006-02-17,2006-02-19
101,None,Paderborn,GER,2,1455.72302246,2006-02-20,2006-02-21
102,None,Paderborn,GER,2,1454.4276123,2006-02-22,2006-02-22
103,None,Paderborn,GER,2,1455.62402344,2006-02-23,2006-02-23
104,None,Paderborn,GER,2,1460.26342773,2006-02-24,2006-02-24
105,None,Paderborn,GER,2,1463.80273438,2006-02-25,2006-03-05
106,None,Paderborn,GER,2,1447.55541992,2006-03-06,2006-03-07
107,None,Paderborn,GER,2,1445.23742676,2006-03-08,2006-03-08
108,None,Paderborn,GER,2,1440.68713379,2006-03-09,2006-03-09
109,None,Paderborn,GER,2,1434.33569336,2006-03-10,2006-03-10
110,None,Paderborn,GER,2,1434.08325195,2006-03-11,2006-03-15
111,None,Paderborn,GER,2,1434.84375,2006-03-16,2006-03-16
112,None,Paderborn,GER,2,1440.03759766,2006-03-17,2006-03-19
113,None,Paderborn,GER,2,1430.68688965,2006-03-20,2006-03-24
114,None,Paderborn,GER,2,1420.53088379,2006-03-25,2006-03-30
115,None,Paderborn,GER,2,1423.94238281,2006-03-31,2006-03-31
116,None,Paderborn,GER,2,1416.1439209,2006-04-01,2006-04-06
117,None,Paderborn,GER,2,1416.01745605,2006-04-07,2006-04-09
118,None,Paderborn,GER,2,1411.20056152,2006-04-10,2006-04-13
119,None,Paderborn,GER,2,1422.98852539,2006-04-14,2006-04-20
120,None,Paderborn,GER,2,1422.40222168,2006-04-21,2006-04-21
121,None,Paderborn,GER,2,1436.48620605,2006-04-22,2006-04-27
122,None,Paderborn,GER,2,1433.86193848,2006-04-28,2006-05-02
123,None,Paderborn,GER,2,1421.94238281,2006-05-03,2006-05-07
124,None,Paderborn,GER,2,1409.59484863,2006-05-08,2006-05-14
125,None,Paderborn,GER,2,1421.30456543,2006-05-15,2006-08-09
126,None,Paderborn,GER,2,1420.61804199,2006-08-10,2006-08-10
127,None,Paderborn,GER,2,1420.59777832,2006-08-11,2006-08-13
128,None,Paderborn,GER,2,1421.68322754,2006-08-14,2006-08-20
129,None,Paderborn,GER,2,1426.96508789,2006-08-21,2006-08-22
130,None,Paderborn,GER,2,1431.078125,2006-08-23,2006-08-24
131,None,Paderborn,GER,2,1431.22888184,2006-08-25,2006-08-27
132,None,Paderborn,GER,2,1426.31958008,2006-08-28,2006-09-12
133,None,Paderborn,GER,2,1426.4765625,2006-09-13,2006-09-13
134,None,Paderborn,GER,2,1423.82080078,2006-09-14,2006-09-14
135,None,Paderborn,GER,2,1427.0838623,2006-09-15,2006-09-17
136,None,Paderborn,GER,2,1432.94335938,2006-09-18,2006-09-24
137,None,Paderborn,GER,2,1434.09924316,2006-09-25,2006-09-26
138,None,Paderborn,GER,2,1432.30126953,2006-09-27,2006-09-27
139,None,Paderborn,GER,2,1438.99133301,2006-09-28,2006-09-28
140,None,Paderborn,GER,2,1429.4798584,2006-09-29,2006-09-29
141,None,Paderborn,GER,2,1443.03967285,2006-09-30,2006-10-15
142,None,Paderborn,GER,2,1431.61328125,2006-10-16,2006-10-17
143,None,Paderborn,GER,2,1428.97802734,2006-10-18,2006-10-18
144,None,Paderborn,GER,2,1433.3614502,2006-10-19,2006-10-19
145,None,Paderborn,GER,2,1430.15124512,2006-10-20,2006-10-22
146,None,Paderborn,GER,2,1431.23840332,2006-10-23,2006-10-29
147,None,Paderborn,GER,2,1439.33984375,2006-10-30,2006-10-31
148,None,Paderborn,GER,2,1441.37329102,2006-11-01,2006-11-01
149,None,Paderborn,GER,2,1436.66906738,2006-11-02,2006-11-02
150,None,Paderborn,GER,2,1439.13439941,2006-11-03,2006-11-03
151,None,Paderborn,GER,2,1431.92468262,2006-11-04,2006-11-07
152,None,Paderborn,GER,2,1420.23120117,2006-11-08,2006-11-10
153,None,Paderborn,GER,2,1414.5892334,2006-11-11,2006-11-19
154,None,Paderborn,GER,2,1414.66906738,2006-11-20,2006-11-21
155,None,Paderborn,GER,2,1413.87084961,2006-11-22,2006-11-22
156,None,Paderborn,GER,2,1416.61865234,2006-11-23,2006-11-23
157,None,Paderborn,GER,2,1413.41455078,2006-11-24,2006-11-26
158,None,Paderborn,GER,2,1408.21728516,2006-11-27,2006-11-29
159,None,Paderborn,GER,2,1406.2701416,2006-11-30,2006-11-30
160,None,Paderborn,GER,2,1406.69995117,2006-12-01,2006-12-01
161,None,Paderborn,GER,2,1406.13122559,2006-12-02,2006-12-05
162,None,Paderborn,GER,2,1404.40966797,2006-12-06,2006-12-06
163,None,Paderborn,GER,2,1407.05883789,2006-12-07,2006-12-10
164,None,Paderborn,GER,2,1412.32080078,2006-12-11,2006-12-13
165,None,Paderborn,GER,2,1414.14013672,2006-12-14,2006-12-14
166,None,Paderborn,GER,2,1415.28027344,2006-12-15,2006-12-17
167,None,Paderborn,GER,2,1413.37878418,2006-12-18,2007-01-21
168,None,Paderborn,GER,2,1409.55102539,2007-01-22,2007-01-30
169,None,Paderborn,GER,2,1419.96618652,2007-01-31,2007-02-04
170,None,Paderborn,GER,2,1413.54980469,2007-02-05,2007-02-11
171,None,Paderborn,GER,2,1428.51379395,2007-02-12,2007-02-14
172,None,Paderborn,GER,2,1432.16796875,2007-02-15,2007-02-18
173,None,Paderborn,GER,2,1420.47900391,2007-02-19,2007-02-20
174,None,Paderborn,GER,2,1420.38012695,2007-02-21,2007-02-22
175,None,Paderborn,GER,2,1423.5769043,2007-02-23,2007-02-25
176,None,Paderborn,GER,2,1427.27416992,2007-02-26,2007-03-04
177,None,Paderborn,GER,2,1417.22766113,2007-03-05,2007-03-07
178,None,Paderborn,GER,2,1420.98156738,2007-03-08,2007-03-08
179,None,Paderborn,GER,2,1422.94726562,2007-03-09,2007-03-11
180,None,Paderborn,GER,2,1428.58178711,2007-03-12,2007-03-14
181,None,Paderborn,GER,2,1437.3527832,2007-03-15,2007-03-18
182,None,Paderborn,GER,2,1453.7244873,2007-03-19,2007-03-30
183,None,Paderborn,GER,2,1446.70935059,2007-03-31,2007-04-03
184,None,Paderborn,GER,2,1448.76293945,2007-04-04,2007-04-05
185,None,Paderborn,GER,2,1437.50158691,2007-04-06,2007-04-11
186,None,Paderborn,GER,2,1430.46923828,2007-04-12,2007-04-12
187,None,Paderborn,GER,2,1434.36376953,2007-04-13,2007-04-13
188,None,Paderborn,GER,2,1446.77868652,2007-04-14,2007-04-22
189,None,Paderborn,GER,2,1439.19238281,2007-04-23,2007-04-26
190,None,Paderborn,GER,2,1433.31640625,2007-04-27,2007-04-27
191,None,Paderborn,GER,2,1440.38635254,2007-04-28,2007-05-03
192,None,Paderborn,GER,2,1438.02722168,2007-05-04,2007-05-04
193,None,Paderborn,GER,2,1450.52075195,2007-05-05,2007-05-13
194,None,Paderborn,GER,2,1437.61523438,2007-05-14,2007-05-20
195,None,Paderborn,GER,2,1421.52001953,2007-05-21,2007-08-12
196,None,Paderborn,GER,2,1407.24963379,2007-08-13,2007-08-15
197,None,Paderborn,GER,2,1407.02148438,2007-08-16,2007-08-16
198,None,Paderborn,GER,2,1406.61376953,2007-08-17,2007-08-17
199,None,Paderborn,GER,2,1402.703125,2007-08-18,2007-08-24
200,None,Paderborn,GER,2,1404.31787109,2007-08-25,2007-08-29
201,None,Paderborn,GER,2,1406.24975586,2007-08-30,2007-08-30
202,None,Paderborn,GER,2,1406.96398926,2007-08-31,2007-09-02
203,None,Paderborn,GER,2,1398.35461426,2007-09-03,2007-09-14
204,None,Paderborn,GER,2,1402.78137207,2007-09-15,2007-09-18
205,None,Paderborn,GER,2,1399.99072266,2007-09-19,2007-09-19
206,None,Paderborn,GER,2,1396.75805664,2007-09-20,2007-09-20
207,None,Paderborn,GER,2,1397.35266113,2007-09-21,2007-09-21
208,None,Paderborn,GER,2,1383.23803711,2007-09-22,2007-09-25
209,None,Paderborn,GER,2,1377.91394043,2007-09-26,2007-09-28
210,None,Paderborn,GER,2,1378.26208496,2007-09-29,2007-10-02
211,None,Paderborn,GER,2,1376.1652832,2007-10-03,2007-10-03
212,None,Paderborn,GER,2,1371.60192871,2007-10-04,2007-10-04
213,None,Paderborn,GER,2,1377.05871582,2007-10-05,2007-10-07
214,None,Paderborn,GER,2,1370.4831543,2007-10-08,2007-10-21
215,None,Paderborn,GER,2,1368.69421387,2007-10-22,2007-10-23
216,None,Paderborn,GER,2,1365.1895752,2007-10-24,2007-10-24
217,None,Paderborn,GER,2,1365.69335938,2007-10-25,2007-10-25
218,None,Paderborn,GER,2,1370.31005859,2007-10-26,2007-10-28
219,None,Paderborn,GER,2,1366.43981934,2007-10-29,2007-11-04
220,None,Paderborn,GER,2,1370.30541992,2007-11-05,2007-11-06
221,None,Paderborn,GER,2,1368.71276855,2007-11-07,2007-11-07
222,None,Paderborn,GER,2,1367.35925293,2007-11-08,2007-11-08
223,None,Paderborn,GER,2,1359.46228027,2007-11-09,2007-11-13
224,None,Paderborn,GER,2,1362.64208984,2007-11-14,2007-11-23
225,None,Paderborn,GER,2,1372.78527832,2007-11-24,2007-11-27
226,None,Paderborn,GER,2,1374.55810547,2007-11-28,2007-11-28
227,None,Paderborn,GER,2,1379.45117188,2007-11-29,2007-11-29
228,None,Paderborn,GER,2,1382.83654785,2007-11-30,2007-12-02
229,None,Paderborn,GER,2,1387.49121094,2007-12-03,2007-12-05
230,None,Paderborn,GER,2,1393.22790527,2007-12-06,2007-12-06
231,None,Paderborn,GER,2,1394.20788574,2007-12-07,2007-12-09
232,None,Paderborn,GER,2,1393.08190918,2007-12-10,2007-12-11
233,None,Paderborn,GER,2,1390.01708984,2007-12-12,2007-12-12
234,None,Paderborn,GER,2,1389.19030762,2007-12-13,2007-12-16
235,None,Paderborn,GER,2,1395.92443848,2007-12-17,2007-12-19
236,None,Paderborn,GER,2,1403.09692383,2007-12-20,2007-12-20
237,None,Paderborn,GER,2,1404.0612793,2007-12-21,2008-02-03
238,None,Paderborn,GER,2,1397.45874023,2008-02-04,2008-02-10
239,None,Paderborn,GER,2,1407.87536621,2008-02-11,2008-02-13
240,None,Paderborn,GER,2,1410.57653809,2008-02-14,2008-02-14
241,None,Paderborn,GER,2,1411.95068359,2008-02-15,2008-02-17
242,None,Paderborn,GER,2,1397.82739258,2008-02-18,2008-02-19
243,None,Paderborn,GER,2,1399.82458496,2008-02-20,2008-02-21
244,None,Paderborn,GER,2,1403.87316895,2008-02-22,2008-02-24
245,None,Paderborn,GER,2,1388.84985352,2008-02-25,2008-03-02
246,None,Paderborn,GER,2,1389.60473633,2008-03-03,2008-03-05
247,None,Paderborn,GER,2,1388.14782715,2008-03-06,2008-03-06
248,None,Paderborn,GER,2,1385.8717041,2008-03-07,2008-03-09
249,None,Paderborn,GER,2,1381.87817383,2008-03-10,2008-03-12
250,None,Paderborn,GER,2,1381.65270996,2008-03-13,2008-03-13
251,None,Paderborn,GER,2,1381.14916992,2008-03-14,2008-03-14
252,None,Paderborn,GER,2,1374.17419434,2008-03-15,2008-03-20
253,None,Paderborn,GER,2,1386.71704102,2008-03-21,2008-03-30
254,None,Paderborn,GER,2,1399.60388184,2008-03-31,2008-04-01
255,None,Paderborn,GER,2,1398.05529785,2008-04-02,2008-04-03
256,None,Paderborn,GER,2,1388.89807129,2008-04-04,2008-04-06
257,None,Paderborn,GER,2,1377.49768066,2008-04-07,2008-04-09
258,None,Paderborn,GER,2,1376.79211426,2008-04-10,2008-04-10
259,None,Paderborn,GER,2,1382.20544434,2008-04-11,2008-04-11
260,None,Paderborn,GER,2,1384.35314941,2008-04-12,2008-04-15
261,None,Paderborn,GER,2,1378.50170898,2008-04-16,2008-04-24
262,None,Paderborn,GER,2,1376.90307617,2008-04-25,2008-04-25
263,None,Paderborn,GER,2,1385.1295166,2008-04-26,2008-05-01
264,None,Paderborn,GER,2,1374.83850098,2008-05-02,2008-05-02
265,None,Paderborn,GER,2,1380.1496582,2008-05-03,2008-05-06
266,None,Paderborn,GER,2,1390.15405273,2008-05-07,2008-05-11
267,None,Paderborn,GER,2,1392.66113281,2008-05-12,2008-05-18
268,None,Paderborn,GER,2,1387.32177734,2008-05-19,2008-07-01
269,None,Paderborn,GER,2,1404.36682129,2009-07-01,2009-07-30
270,None,Paderborn,GER,2,1405.75317383,2009-07-31,2009-08-06
271,None,Paderborn,GER,2,1405.53234863,2009-08-07,2009-08-08
272,None,Paderborn,GER,2,1394.98254395,2009-08-09,2009-08-14
273,None,Paderborn,GER,2,1409.34436035,2009-08-15,2009-08-18
274,None,Paderborn,GER,2,1410.59631348,2009-08-19,2009-08-20
275,None,Paderborn,GER,2,1410.68920898,2009-08-21,2009-08-21
276,None,Paderborn,GER,2,1412.73034668,2009-08-22,2009-08-26
277,None,Paderborn,GER,2,1412.63781738,2009-08-27,2009-08-27
278,None,Paderborn,GER,2,1416.53613281,2009-08-28,2009-08-30
279,None,Paderborn,GER,2,1416.84069824,2009-08-31,2009-09-13
280,None,Paderborn,GER,2,1411.265625,2009-09-14,2009-09-15
281,None,Paderborn,GER,2,1414.86181641,2009-09-16,2009-09-16
282,None,Paderborn,GER,2,1413.1105957,2009-09-17,2009-09-17
283,None,Paderborn,GER,2,1405.66186523,2009-09-18,2009-09-18
284,None,Paderborn,GER,2,1424.47424316,2009-09-19,2009-09-27
285,None,Paderborn,GER,2,1426.73852539,2009-09-28,2009-09-29
286,None,Paderborn,GER,2,1425.98181152,2009-09-30,2009-09-30
287,None,Paderborn,GER,2,1424.52404785,2009-10-01,2009-10-01
288,None,Paderborn,GER,2,1426.54174805,2009-10-02,2009-10-03
289,None,Paderborn,GER,2,1424.97229004,2009-10-04,2009-10-17
290,None,Paderborn,GER,2,1436.20507812,2009-10-18,2009-10-20
291,None,Paderborn,GER,2,1433.46057129,2009-10-21,2009-10-21
292,None,Paderborn,GER,2,1429.24719238,2009-10-22,2009-10-22
293,None,Paderborn,GER,2,1425.86889648,2009-10-23,2009-10-26
294,None,Paderborn,GER,2,1417.50744629,2009-10-27,2009-10-30
295,None,Paderborn,GER,2,1411.37036133,2009-10-31,2009-11-03
296,None,Paderborn,GER,2,1410.64916992,2009-11-04,2009-11-04
297,None,Paderborn,GER,2,1412.75390625,2009-11-05,2009-11-05
298,None,Paderborn,GER,2,1414.3067627,2009-11-06,2009-11-06
299,None,Paderborn,GER,2,1420.29760742,2009-11-07,2009-11-20
300,None,Paderborn,GER,2,1419.62780762,2009-11-21,2009-11-24
301,None,Paderborn,GER,2,1423.08007812,2009-11-25,2009-11-25
302,None,Paderborn,GER,2,1421.01940918,2009-11-26,2009-11-28
303,None,Paderborn,GER,2,1429.04980469,2009-11-29,2009-12-02
304,None,Paderborn,GER,2,1430.51831055,2009-12-03,2009-12-03
305,None,Paderborn,GER,2,1433.01257324,2009-12-04,2009-12-06
306,None,Paderborn,GER,2,1423.50280762,2009-12-07,2009-12-08
307,None,Paderborn,GER,2,1426.97827148,2009-12-09,2009-12-09
308,None,Paderborn,GER,2,1428.78259277,2009-12-10,2009-12-11
309,None,Paderborn,GER,2,1432.41564941,2009-12-12,2009-12-16
310,None,Paderborn,GER,2,1440.21972656,2009-12-17,2009-12-17
311,None,Paderborn,GER,2,1436.73278809,2009-12-18,2009-12-20
312,None,Paderborn,GER,2,1446.16064453,2009-12-21,2010-01-15
313,None,Paderborn,GER,2,1445.4588623,2010-01-16,2010-01-24
314,None,Paderborn,GER,2,1456.90698242,2010-01-25,2010-01-31
315,None,Paderborn,GER,2,1440.5144043,2010-02-01,2010-02-07
316,None,Paderborn,GER,2,1433.25085449,2010-02-08,2010-02-12
317,None,Paderborn,GER,2,1445.36169434,2010-02-13,2010-02-17
318,None,Paderborn,GER,2,1445.74438477,2010-02-18,2010-02-18
319,None,Paderborn,GER,2,1446.47387695,2010-02-19,2010-02-21
320,None,Paderborn,GER,2,1457.79211426,2010-02-22,2010-02-23
321,None,Paderborn,GER,2,1455.33337402,2010-02-24,2010-02-25
322,None,Paderborn,GER,2,1466.04663086,2010-02-26,2010-02-26
323,None,Paderborn,GER,2,1475.66760254,2010-02-27,2010-03-07
324,None,Paderborn,GER,2,1467.25598145,2010-03-08,2010-03-09
325,None,Paderborn,GER,2,1467.86987305,2010-03-10,2010-03-11
326,None,Paderborn,GER,2,1472.45288086,2010-03-12,2010-03-14
327,None,Paderborn,GER,2,1469.93237305,2010-03-15,2010-03-17
328,None,Paderborn,GER,2,1468.0489502,2010-03-18,2010-03-18
329,None,Paderborn,GER,2,1467.12145996,2010-03-19,2010-03-20
330,None,Paderborn,GER,2,1459.08203125,2010-03-21,2010-03-26
331,None,Paderborn,GER,2,1448.32080078,2010-03-27,2010-03-30
332,None,Paderborn,GER,2,1449.87731934,2010-03-31,2010-04-01
333,None,Paderborn,GER,2,1448.91711426,2010-04-02,2010-04-04
334,None,Paderborn,GER,2,1441.29516602,2010-04-05,2010-04-07
335,None,Paderborn,GER,2,1442.93322754,2010-04-08,2010-04-08
336,None,Paderborn,GER,2,1440.8762207,2010-04-09,2010-04-09
337,None,Paderborn,GER,2,1447.60998535,2010-04-10,2010-04-16
338,None,Paderborn,GER,2,1451.04296875,2010-04-17,2010-04-21
339,None,Paderborn,GER,2,1452.43847656,2010-04-22,2010-04-22
340,None,Paderborn,GER,2,1452.02893066,2010-04-23,2010-04-24
341,None,Paderborn,GER,2,1463.57873535,2010-04-25,2010-04-27
342,None,Paderborn,GER,2,1467.67858887,2010-04-28,2010-04-29
343,None,Paderborn,GER,2,1464.40808105,2010-04-30,2010-05-02
344,None,Paderborn,GER,2,1471.9440918,2010-05-03,2010-05-09
345,None,Paderborn,GER,2,1484.20532227,2010-05-10,2010-05-22
346,None,Paderborn,GER,2,1480.5769043,2010-05-23,2010-07-29
347,None,Paderborn,GER,2,1480.71801758,2010-07-30,2010-08-05
348,None,Paderborn,GER,2,1480.73242188,2010-08-06,2010-08-18
349,None,Paderborn,GER,2,1482.9576416,2010-08-19,2010-08-19
350,None,Paderborn,GER,2,1484.3515625,2010-08-20,2010-08-21
351,None,Paderborn,GER,2,1473.13452148,2010-08-22,2010-08-24
352,None,Paderborn,GER,2,1473.30322266,2010-08-25,2010-08-26
353,None,Paderborn,GER,2,1473.7689209,2010-08-27,2010-08-27
354,None,Paderborn,GER,2,1469.04724121,2010-08-28,2010-09-10
355,None,Paderborn,GER,2,1477.55187988,2010-09-11,2010-09-14
356,None,Paderborn,GER,2,1474.73266602,2010-09-15,2010-09-15
357,None,Paderborn,GER,2,1476.70068359,2010-09-16,2010-09-16
358,None,Paderborn,GER,2,1481.00915527,2010-09-17,2010-09-18
359,None,Paderborn,GER,2,1475.69140625,2010-09-19,2010-09-21
360,None,Paderborn,GER,2,1473.5279541,2010-09-22,2010-09-24
361,None,Paderborn,GER,2,1465.29602051,2010-09-25,2010-09-28
362,None,Paderborn,GER,2,1466.61767578,2010-09-29,2010-09-29
363,None,Paderborn,GER,2,1467.75073242,2010-09-30,2010-09-30
364,None,Paderborn,GER,2,1466.11083984,2010-10-01,2010-10-01
365,None,Paderborn,GER,2,1476.23803711,2010-10-02,2010-10-17
366,None,Paderborn,GER,2,1469.52832031,2010-10-18,2010-10-19
367,None,Paderborn,GER,2,1469.76904297,2010-10-20,2010-10-20
368,None,Paderborn,GER,2,1471.17907715,2010-10-21,2010-10-21
369,None,Paderborn,GER,2,1469.50964355,2010-10-22,2010-10-24
370,None,Paderborn,GER,2,1481.58508301,2010-10-25,2010-10-29
371,None,Paderborn,GER,2,1472.06433105,2010-10-30,2010-11-02
372,None,Paderborn,GER,2,1466.24316406,2010-11-03,2010-11-03
373,None,Paderborn,GER,2,1467.63574219,2010-11-04,2010-11-04
374,None,Paderborn,GER,2,1473.21740723,2010-11-05,2010-11-07
375,None,Paderborn,GER,2,1484.44946289,2010-11-08,2010-11-14
376,None,Paderborn,GER,2,1491.68518066,2010-11-15,2010-11-20
377,None,Paderborn,GER,2,1473.22229004,2010-11-21,2010-11-23
378,None,Paderborn,GER,2,1470.5144043,2010-11-24,2010-11-24
379,None,Paderborn,GER,2,1472.20556641,2010-11-25,2010-11-26
380,None,Paderborn,GER,2,1463.01550293,2010-11-27,2010-12-01
381,None,Paderborn,GER,2,1460.09643555,2010-12-02,2010-12-02
382,None,Paderborn,GER,2,1460.63916016,2010-12-03,2010-12-03
383,None,Paderborn,GER,2,1461.57165527,2010-12-04,2010-12-07
384,None,Paderborn,GER,2,1469.58837891,2010-12-08,2010-12-08
385,None,Paderborn,GER,2,1470.64697266,2010-12-09,2010-12-11
386,None,Paderborn,GER,2,1471.21557617,2010-12-12,2010-12-15
387,None,Paderborn,GER,2,1470.67089844,2010-12-16,2010-12-16
388,None,Paderborn,GER,2,1470.76013184,2010-12-17,2010-12-19
389,None,Paderborn,GER,2,1482.12780762,2010-12-20,2011-01-18
390,None,Paderborn,GER,2,1475.84655762,2011-01-19,2011-01-21
391,None,Paderborn,GER,2,1477.54907227,2011-01-22,2011-01-30
392,None,Paderborn,GER,2,1491.11352539,2011-01-31,2011-02-05
393,None,Paderborn,GER,2,1501.50805664,2011-02-06,2011-02-11
394,None,Paderborn,GER,2,1488.74316406,2011-02-12,2011-02-15
395,None,Paderborn,GER,2,1490.02929688,2011-02-16,2011-02-17
396,None,Paderborn,GER,2,1492.91491699,2011-02-18,2011-02-19
397,None,Paderborn,GER,2,1480.48657227,2011-02-20,2011-02-23
398,None,Paderborn,GER,2,1482.70361328,2011-02-24,2011-02-24
399,None,Paderborn,GER,2,1479.42578125,2011-02-25,2011-02-26
400,None,Paderborn,GER,2,1479.08740234,2011-02-27,2011-03-05
401,None,Paderborn,GER,2,1462.16796875,2011-03-06,2011-03-09
402,None,Paderborn,GER,2,1467.04699707,2011-03-10,2011-03-10
403,None,Paderborn,GER,2,1463.0345459,2011-03-11,2011-03-12
404,None,Paderborn,GER,2,1466.81164551,2011-03-13,2011-03-15
405,None,Paderborn,GER,2,1461.49157715,2011-03-16,2011-03-17
406,None,Paderborn,GER,2,1459.46875,2011-03-18,2011-03-20
407,None,Paderborn,GER,2,1457.45666504,2011-03-21,2011-04-03
408,None,Paderborn,GER,2,1453.93054199,2011-04-04,2011-04-05
409,None,Paderborn,GER,2,1460.66882324,2011-04-06,2011-04-10
410,None,Paderborn,GER,2,1458.93823242,2011-04-11,2011-04-13
411,None,Paderborn,GER,2,1459.79882812,2011-04-14,2011-04-17
412,None,Paderborn,GER,2,1454.41882324,2011-04-18,2011-04-21
413,None,Paderborn,GER,2,1456.23596191,2011-04-22,2011-04-26
414,None,Paderborn,GER,2,1453.84509277,2011-04-27,2011-04-29
415,None,Paderborn,GER,2,1459.00634766,2011-04-30,2011-05-04
416,None,Paderborn,GER,2,1457.82629395,2011-05-05,2011-05-08
417,None,Paderborn,GER,2,1451.12854004,2011-05-09,2011-05-15
418,None,Paderborn,GER,2,1460.07104492,2011-05-16,2011-07-17
419,None,Paderborn,GER,2,1468.81970215,2011-07-18,2011-07-24
420,None,Paderborn,GER,2,1469.83056641,2011-07-25,2011-07-28
421,None,Paderborn,GER,2,1468.43127441,2011-07-29,2011-08-04
422,None,Paderborn,GER,2,1465.97485352,2011-08-05,2011-08-05
423,None,Paderborn,GER,2,1454.30908203,2011-08-06,2011-08-13
424,None,Paderborn,GER,2,1447.8848877,2011-08-14,2011-08-17
425,None,Paderborn,GER,2,1448.59008789,2011-08-18,2011-08-18
426,None,Paderborn,GER,2,1446.32092285,2011-08-19,2011-08-21
427,None,Paderborn,GER,2,1455.34033203,2011-08-22,2011-08-23
428,None,Paderborn,GER,2,1455.61291504,2011-08-24,2011-08-25
429,None,Paderborn,GER,2,1461.85546875,2011-08-26,2011-08-28
430,None,Paderborn,GER,2,1467.59436035,2011-08-29,2011-09-09
431,None,Paderborn,GER,2,1465.79406738,2011-09-10,2011-09-13
432,None,Paderborn,GER,2,1462.97216797,2011-09-14,2011-09-14
433,None,Paderborn,GER,2,1466.43737793,2011-09-15,2011-09-15
434,None,Paderborn,GER,2,1463.1270752,2011-09-16,2011-09-18
435,None,Paderborn,GER,2,1486.06799316,2011-09-19,2011-09-23
436,None,Paderborn,GER,2,1496.10583496,2011-09-24,2011-09-27
437,None,Paderborn,GER,2,1498.05749512,2011-09-28,2011-09-28
438,None,Paderborn,GER,2,1495.05163574,2011-09-29,2011-09-29
439,None,Paderborn,GER,2,1497.84729004,2011-09-30,2011-10-02
440,None,Paderborn,GER,2,1507.68322754,2011-10-03,2011-10-14
441,None,Paderborn,GER,2,1513.52954102,2011-10-15,2011-10-18
442,None,Paderborn,GER,2,1512.40307617,2011-10-19,2011-10-19
443,None,Paderborn,GER,2,1509.69262695,2011-10-20,2011-10-20
444,None,Paderborn,GER,2,1511.08447266,2011-10-21,2011-10-21
445,None,Paderborn,GER,2,1513.02709961,2011-10-22,2011-10-29
446,None,Paderborn,GER,2,1518.90283203,2011-10-30,2011-11-01
447,None,Paderborn,GER,2,1517.4197998,2011-11-02,2011-11-02
448,None,Paderborn,GER,2,1518.14978027,2011-11-03,2011-11-03
449,None,Paderborn,GER,2,1518.01977539,2011-11-04,2011-11-06
450,None,Paderborn,GER,2,1531.26245117,2011-11-07,2011-11-18
451,None,Paderborn,GER,2,1534.95581055,2011-11-19,2011-11-22
452,None,Paderborn,GER,2,1536.01977539,2011-11-23,2011-11-23
453,None,Paderborn,GER,2,1536.80993652,2011-11-24,2011-11-25
454,None,Paderborn,GER,2,1534.95593262,2011-11-26,2011-11-30
455,None,Paderborn,GER,2,1531.35473633,2011-12-01,2011-12-01
456,None,Paderborn,GER,2,1531.85192871,2011-12-02,2011-12-02
457,None,Paderborn,GER,2,1532.00585938,2011-12-03,2011-12-06
458,None,Paderborn,GER,2,1526.84631348,2011-12-07,2011-12-07
459,None,Paderborn,GER,2,1524.20605469,2011-12-08,2011-12-09
460,None,Paderborn,GER,2,1529.04260254,2011-12-10,2011-12-14
461,None,Paderborn,GER,2,1531.44543457,2011-12-15,2011-12-15
462,None,Paderborn,GER,2,1532.15673828,2011-12-16,2011-12-16
463,None,Paderborn,GER,2,1544.48144531,2011-12-17,2012-02-03
464,None,Paderborn,GER,2,1549.80957031,2012-02-04,2012-02-12
465,None,Paderborn,GER,2,1539.72729492,2012-02-13,2012-02-14
466,None,Paderborn,GER,2,1538.75061035,2012-02-15,2012-02-16
467,None,Paderborn,GER,2,1539.45581055,2012-02-17,2012-02-17
468,None,Paderborn,GER,2,1534.7635498,2012-02-18,2012-02-22
469,None,Paderborn,GER,2,1532.75134277,2012-02-23,2012-02-23
470,None,Paderborn,GER,2,1536.91882324,2012-02-24,2012-02-26
471,None,Paderborn,GER,2,1549.20959473,2012-02-27,2012-03-03
472,None,Paderborn,GER,2,1562.47375488,2012-03-04,2012-03-07
473,None,Paderborn,GER,2,1561.66918945,2012-03-08,2012-03-08
474,None,Paderborn,GER,2,1560.95666504,2012-03-09,2012-03-09
475,None,Paderborn,GER,2,1557.49694824,2012-03-10,2012-03-13
476,None,Paderborn,GER,2,1562.69213867,2012-03-14,2012-03-15
477,None,Paderborn,GER,2,1572.09191895,2012-03-16,2012-03-17
478,None,Paderborn,GER,2,1553.1887207,2012-03-18,2012-03-25
479,None,Paderborn,GER,2,1541.26977539,2012-03-26,2012-03-28
480,None,Paderborn,GER,2,1543.0189209,2012-03-29,2012-03-29
481,None,Paderborn,GER,2,1536.39587402,2012-03-30,2012-03-30
482,None,Paderborn,GER,2,1536.69885254,2012-03-31,2012-04-03
483,None,Paderborn,GER,2,1537.17919922,2012-04-04,2012-04-05
484,None,Paderborn,GER,2,1534.04016113,2012-04-06,2012-04-08
485,None,Paderborn,GER,2,1532.22473145,2012-04-09,2012-04-11
486,None,Paderborn,GER,2,1543.17175293,2012-04-12,2012-04-15
487,None,Paderborn,GER,2,1549.52587891,2012-04-16,2012-04-17
488,None,Paderborn,GER,2,1550.89782715,2012-04-18,2012-04-22
489,None,Paderborn,GER,2,1536.67663574,2012-04-23,2012-04-25
490,None,Paderborn,GER,2,1537.87280273,2012-04-26,2012-04-29
491,None,Paderborn,GER,2,1542.3494873,2012-04-30,2012-05-06
492,None,Paderborn,GER,2,1530.4362793,2012-05-07,2012-05-19
493,None,Paderborn,GER,2,1529.65258789,2012-05-20,2012-08-02
494,None,Paderborn,GER,2,1529.76672363,2012-08-03,2012-08-03
495,None,Paderborn,GER,2,1534.05249023,2012-08-04,2012-08-09
496,None,Paderborn,GER,2,1534.07946777,2012-08-10,2012-08-11
497,None,Paderborn,GER,2,1544.45861816,2012-08-12,2012-08-21
498,None,Paderborn,GER,2,1539.01281738,2012-08-22,2012-08-22
499,None,Paderborn,GER,2,1540.6060791,2012-08-23,2012-08-23
500,None,Paderborn,GER,2,1541.24060059,2012-08-24,2012-08-24
501,None,Paderborn,GER,2,1533.78991699,2012-08-25,2012-08-28
502,None,Paderborn,GER,2,1534.36291504,2012-08-29,2012-08-29
503,None,Paderborn,GER,2,1535.92724609,2012-08-30,2012-08-30
504,None,Paderborn,GER,2,1536.23217773,2012-08-31,2012-09-02
505,None,Paderborn,GER,2,1519.76794434,2012-09-03,2012-09-16
506,None,Paderborn,GER,2,1527.52380371,2012-09-17,2012-09-18
507,None,Paderborn,GER,2,1531.21716309,2012-09-19,2012-09-19
508,None,Paderborn,GER,2,1532.3338623,2012-09-20,2012-09-20
509,None,Paderborn,GER,2,1526.43737793,2012-09-21,2012-09-22
510,None,Paderborn,GER,2,1533.00280762,2012-09-23,2012-09-25
511,None,Paderborn,GER,2,1525.90539551,2012-09-26,2012-09-28
512,None,Paderborn,GER,2,1516.9744873,2012-09-29,2012-10-02
513,None,Paderborn,GER,2,1509.71618652,2012-10-03,2012-10-03
514,None,Paderborn,GER,2,1509.01086426,2012-10-04,2012-10-04
515,None,Paderborn,GER,2,1501.40734863,2012-10-05,2012-10-05
516,None,Paderborn,GER,2,1502.19519043,2012-10-06,2012-10-21
517,None,Paderborn,GER,2,1500.65063477,2012-10-22,2012-10-23
518,None,Paderborn,GER,2,1502.36535645,2012-10-24,2012-10-24
519,None,Paderborn,GER,2,1511.08544922,2012-10-25,2012-10-25
520,None,Paderborn,GER,2,1515.94543457,2012-10-26,2012-10-28
521,None,Paderborn,GER,2,1524.61743164,2012-10-29,2012-11-02
522,None,Paderborn,GER,2,1533.47998047,2012-11-03,2012-11-06
523,None,Paderborn,GER,2,1534.52185059,2012-11-07,2012-11-07
524,None,Paderborn,GER,2,1535.90881348,2012-11-08,2012-11-08
525,None,Paderborn,GER,2,1540.80749512,2012-11-09,2012-11-10
526,None,Paderborn,GER,2,1541.01782227,2012-11-11,2012-11-17
527,None,Paderborn,GER,2,1548.36694336,2012-11-18,2012-11-20
528,None,Paderborn,GER,2,1548.07946777,2012-11-21,2012-11-21
529,None,Paderborn,GER,2,1552.41442871,2012-11-22,2012-11-22
530,None,Paderborn,GER,2,1552.6315918,2012-11-23,2012-11-23
531,None,Paderborn,GER,2,1548.24499512,2012-11-24,2012-11-27
532,None,Paderborn,GER,2,1541.77746582,2012-11-28,2012-12-02
533,None,Paderborn,GER,2,1524.83276367,2012-12-03,2012-12-04
534,None,Paderborn,GER,2,1525.94885254,2012-12-05,2012-12-05
535,None,Paderborn,GER,2,1526.31298828,2012-12-06,2012-12-06
536,None,Paderborn,GER,2,1527.82873535,2012-12-07,2012-12-08
537,None,Paderborn,GER,2,1521.55163574,2012-12-09,2012-12-16
538,None,Paderborn,GER,2,1505.41381836,2012-12-17,2013-02-02
539,None,Paderborn,GER,2,1497.78222656,2013-02-03,2013-02-10
540,None,Paderborn,GER,2,1511.53942871,2013-02-11,2013-02-13
541,None,Paderborn,GER,2,1512.61865234,2013-02-14,2013-02-14
542,None,Paderborn,GER,2,1502.88464355,2013-02-15,2013-02-15
543,None,Paderborn,GER,2,1510.67041016,2013-02-16,2013-02-19
544,None,Paderborn,GER,2,1512.64050293,2013-02-20,2013-02-20
545,None,Paderborn,GER,2,1513.2244873,2013-02-21,2013-02-21
546,None,Paderborn,GER,2,1509.72814941,2013-02-22,2013-02-24
547,None,Paderborn,GER,2,1518.80957031,2013-02-25,2013-03-01
548,None,Paderborn,GER,2,1507.97546387,2013-03-02,2013-03-05
549,None,Paderborn,GER,2,1511.03308105,2013-03-06,2013-03-07
550,None,Paderborn,GER,2,1506.17614746,2013-03-08,2013-03-09
551,None,Paderborn,GER,2,1497.70739746,2013-03-10,2013-03-12
552,None,Paderborn,GER,2,1492.02001953,2013-03-13,2013-03-13
553,None,Paderborn,GER,2,1490.9128418,2013-03-14,2013-03-14
554,None,Paderborn,GER,2,1488.67358398,2013-03-15,2013-03-15
555,None,Paderborn,GER,2,1499.77783203,2013-03-16,2013-04-01
556,None,Paderborn,GER,2,1501.59130859,2013-04-02,2013-04-02
557,None,Paderborn,GER,2,1503.49072266,2013-04-03,2013-04-03
558,None,Paderborn,GER,2,1503.60632324,2013-04-04,2013-04-07
559,None,Paderborn,GER,2,1501.86413574,2013-04-08,2013-04-09
560,None,Paderborn,GER,2,1503.64831543,2013-04-10,2013-04-10
561,None,Paderborn,GER,2,1504.9543457,2013-04-11,2013-04-14
562,None,Paderborn,GER,2,1499.52209473,2013-04-15,2013-04-20
563,None,Paderborn,GER,2,1491.48706055,2013-04-21,2013-04-23
564,None,Paderborn,GER,2,1498.43969727,2013-04-24,2013-04-24
565,None,Paderborn,GER,2,1503.78137207,2013-04-25,2013-04-28
566,None,Paderborn,GER,2,1500.9362793,2013-04-29,2013-04-30
567,None,Paderborn,GER,2,1499.90197754,2013-05-01,2013-05-01
568,None,Paderborn,GER,2,1503.25366211,2013-05-02,2013-05-03
569,None,Paderborn,GER,2,1495.53833008,2013-05-04,2013-05-12
570,None,Paderborn,GER,2,1506.84313965,2013-05-13,2013-05-19
571,None,Paderborn,GER,2,1500.04736328,2013-05-20,2013-07-20
572,None,Paderborn,GER,2,1492.75158691,2013-07-21,2013-07-28
573,None,Paderborn,GER,2,1479.60583496,2013-07-29,2013-08-01
574,None,Paderborn,GER,2,1479.4017334,2013-08-02,2013-08-08
575,None,Paderborn,GER,2,1479.74645996,2013-08-09,2013-08-10
576,None,Paderborn,GER,2,1481.27734375,2013-08-11,2013-08-16
577,None,Paderborn,GER,2,1481.63818359,2013-08-17,2013-08-21
578,None,Paderborn,GER,2,1480.17590332,2013-08-22,2013-08-22
579,None,Paderborn,GER,2,1479.08508301,2013-08-23,2013-08-25
580,None,Paderborn,GER,2,1487.60253906,2013-08-26,2013-08-27
581,None,Paderborn,GER,2,1489.94018555,2013-08-28,2013-08-29
582,None,Paderborn,GER,2,1483.36694336,2013-08-30,2013-08-31
583,None,Paderborn,GER,2,1473.6583252,2013-09-01,2013-09-13
584,None,Paderborn,GER,2,1479.21118164,2013-09-14,2013-09-17
585,None,Paderborn,GER,2,1477.7220459,2013-09-18,2013-09-18
586,None,Paderborn,GER,2,1476.02087402,2013-09-19,2013-09-19
587,None,Paderborn,GER,2,1477.20727539,2013-09-20,2013-09-22
588,None,Paderborn,GER,2,1477.63562012,2013-09-23,2013-09-28
589,None,Paderborn,GER,2,1462.76049805,2013-09-29,2013-10-01
590,None,Paderborn,GER,2,1466.52172852,2013-10-02,2013-10-02
591,None,Paderborn,GER,2,1470.48828125,2013-10-03,2013-10-03
592,None,Paderborn,GER,2,1470.99560547,2013-10-04,2013-10-04
593,None,Paderborn,GER,2,1482.23254395,2013-10-05,2013-10-18
594,None,Paderborn,GER,2,1493.18896484,2013-10-19,2013-10-22
595,None,Paderborn,GER,2,1492.13513184,2013-10-23,2013-10-23
596,None,Paderborn,GER,2,1495.94091797,2013-10-24,2013-10-24
597,None,Paderborn,GER,2,1495.65893555,2013-10-25,2013-10-26
598,None,Paderborn,GER,2,1521.56811523,2013-10-27,2013-11-01
599,None,Paderborn,GER,2,1517.72241211,2013-11-02,2013-11-05
600,None,Paderborn,GER,2,1517.8692627,2013-11-06,2013-11-06
601,None,Paderborn,GER,2,1512.14562988,2013-11-07,2013-11-07
602,None,Paderborn,GER,2,1506.75415039,2013-11-08,2013-11-08
603,None,Paderborn,GER,2,1498.32946777,2013-11-09,2013-11-22
604,None,Paderborn,GER,2,1489.50219727,2013-11-23,2013-11-26
605,None,Paderborn,GER,2,1490.31262207,2013-11-27,2013-11-27
606,None,Paderborn,GER,2,1484.95068359,2013-11-28,2013-11-28
607,None,Paderborn,GER,2,1489.79858398,2013-11-29,2013-12-01
608,None,Paderborn,GER,2,1487.12231445,2013-12-02,2013-12-08
609,None,Paderborn,GER,2,1500.26086426,2013-12-09,2013-12-10
610,None,Paderborn,GER,2,1498.20739746,2013-12-11,2013-12-11
611,None,Paderborn,GER,2,1501.24707031,2013-12-12,2013-12-12
612,None,Paderborn,GER,2,1499.40649414,2013-12-13,2013-12-13
613,None,Paderborn,GER,2,1510.55114746,2013-12-14,2013-12-22
614,None,Paderborn,GER,2,1515.3104248,2013-12-23,2014-02-09
615,None,Paderborn,GER,2,1527.24584961,2014-02-10,2014-02-16
616,None,Paderborn,GER,2,1535.9263916,2014-02-17,2014-02-18
617,None,Paderborn,GER,2,1529.32727051,2014-02-19,2014-02-19
618,None,Paderborn,GER,2,1530.87060547,2014-02-20,2014-02-20
619,None,Paderborn,GER,2,1532.59484863,2014-02-21,2014-02-22
620,None,Paderborn,GER,2,1532.95751953,2014-02-23,2014-02-25
621,None,Paderborn,GER,2,1535.37756348,2014-02-26,2014-02-26
622,None,Paderborn,GER,2,1533.69384766,2014-02-27,2014-02-27
623,None,Paderborn,GER,2,1530.29980469,2014-02-28,2014-02-28
624,None,Paderborn,GER,2,1539.31835938,2014-03-01,2014-03-09
625,None,Paderborn,GER,2,1523.3013916,2014-03-10,2014-03-11
626,None,Paderborn,GER,2,1523.03649902,2014-03-12,2014-03-12
627,None,Paderborn,GER,2,1523.13171387,2014-03-13,2014-03-14
628,None,Paderborn,GER,2,1527.79003906,2014-03-15,2014-03-18
629,None,Paderborn,GER,2,1527.75012207,2014-03-19,2014-03-19
630,None,Paderborn,GER,2,1526.85742188,2014-03-20,2014-03-21
631,None,Paderborn,GER,2,1527.80419922,2014-03-22,2014-03-25
632,None,Paderborn,GER,2,1539.60778809,2014-03-26,2014-03-30
633,None,Paderborn,GER,2,1550.32055664,2014-03-31,2014-04-01
634,None,Paderborn,GER,2,1550.09106445,2014-04-02,2014-04-02
635,None,Paderborn,GER,2,1547.93371582,2014-04-03,2014-04-04
636,None,Paderborn,GER,2,1537.41394043,2014-04-05,2014-04-08
637,None,Paderborn,GER,2,1538.27160645,2014-04-09,2014-04-09
638,None,Paderborn,GER,2,1539.95385742,2014-04-10,2014-04-11
639,None,Paderborn,GER,2,1547.53820801,2014-04-12,2014-04-20
640,None,Paderborn,GER,2,1546.96899414,2014-04-21,2014-04-23
641,None,Paderborn,GER,2,1545.31005859,2014-04-24,2014-04-27
642,None,Paderborn,GER,2,1551.49377441,2014-04-28,2014-04-29
643,None,Paderborn,GER,2,1545.7376709,2014-04-30,2014-05-04
644,None,Paderborn,GER,2,1555.02075195,2014-05-05,2014-05-11
645,None,Paderborn,GER,2,1559.76452637,2014-05-12,2014-07-01
646,None,Paderborn,GER,1,1559.76452637,2014-07-02,2014-07-31
647,None,Paderborn,GER,1,1560.13500977,2014-08-01,2014-08-07
648,None,Paderborn,GER,1,1552.09936523,2014-08-08,2014-08-19
649,None,Paderborn,GER,1,1552.93835449,2014-08-20,2014-08-21
650,None,Paderborn,GER,1,1553.06445312,2014-08-22,2014-08-24
651,None,Paderborn,GER,1,1555.12158203,2014-08-25,2014-08-27
652,None,Paderborn,GER,1,1555.86975098,2014-08-28,2014-08-28
653,None,Paderborn,GER,1,1556.140625,2014-08-29,2014-08-30
654,None,Paderborn,GER,1,1574.38903809,2014-08-31,2014-09-13
655,None,Paderborn,GER,1,1574.29040527,2014-09-14,2014-09-16
656,None,Paderborn,GER,1,1573.59436035,2014-09-17,2014-09-17
657,None,Paderborn,GER,1,1577.01831055,2014-09-18,2014-09-18
658,None,Paderborn,GER,1,1573.71191406,2014-09-19,2014-09-20
659,None,Paderborn,GER,1,1587.03393555,2014-09-21,2014-09-23
660,None,Paderborn,GER,1,1585.71154785,2014-09-24,2014-09-27
661,None,Paderborn,GER,1,1580.29174805,2014-09-28,2014-09-30
662,None,Paderborn,GER,1,1578.4732666,2014-10-01,2014-10-01
663,None,Paderborn,GER,1,1584.48474121,2014-10-02,2014-10-02
664,None,Paderborn,GER,1,1581.93554688,2014-10-03,2014-10-04
665,None,Paderborn,GER,1,1588.55944824,2014-10-05,2014-10-19
666,None,Paderborn,GER,1,1600.25134277,2014-10-20,2014-10-21
667,None,Paderborn,GER,1,1605.07287598,2014-10-22,2014-10-22
668,98,Paderborn,GER,1,1611.55615234,2014-10-23,2014-10-23
669,93,Paderborn,GER,1,1615.78100586,2014-10-24,2014-10-25
670,96,Paderborn,GER,1,1611.97546387,2014-10-26,2014-10-26
671,95,Paderborn,GER,1,1611.97546387,2014-10-27,2014-10-27
672,94,Paderborn,GER,1,1611.97546387,2014-10-28,2014-11-01
673,96,Paderborn,GER,1,1611.97546387,2014-11-02,2014-11-02
674,90,Paderborn,GER,1,1622.30358887,2014-11-03,2014-11-04
675,86,Paderborn,GER,1,1626.69152832,2014-11-05,2014-11-05
676,89,Paderborn,GER,1,1622.57409668,2014-11-06,2014-11-06
677,86,Paderborn,GER,1,1625.66186523,2014-11-07,2014-11-08
678,90,Paderborn,GER,1,1617.85046387,2014-11-09,2014-11-09
679,91,Paderborn,GER,1,1617.85046387,2014-11-10,2014-11-15
680,90,Paderborn,GER,1,1617.85046387,2014-11-16,2014-11-22
681,87,Paderborn,GER,1,1622.81494141,2014-11-23,2014-11-23
682,89,Paderborn,GER,1,1622.81494141,2014-11-24,2014-11-25
683,92,Paderborn,GER,1,1614.71801758,2014-11-26,2014-11-26
684,99,Paderborn,GER,1,1607.24914551,2014-11-27,2014-11-27
685,None,Paderborn,GER,1,1603.71459961,2014-11-28,2014-11-29
686,None,Paderborn,GER,1,1591.6763916,2014-11-30,2014-12-06
687,None,Paderborn,GER,1,1591.3939209,2014-12-07,2014-12-09
688,None,Paderborn,GER,1,1590.05529785,2014-12-10,2014-12-10
689,None,Paderborn,GER,1,1591.78295898,2014-12-11,2014-12-11
690,None,Paderborn,GER,1,1596.76989746,2014-12-12,2014-12-14
691,100,Paderborn,GER,1,1603.30297852,2014-12-15,2014-12-15
692,None,Paderborn,GER,1,1603.30297852,2014-12-16,2014-12-17
693,None,Paderborn,GER,1,1598.11157227,2014-12-18,2014-12-20
694,None,Paderborn,GER,1,1600.50097656,2014-12-21,2015-01-31
695,None,Paderborn,GER,1,1590.04138184,2015-02-01,2015-02-04
696,None,Paderborn,GER,1,1573.98071289,2015-02-05,2015-02-07
697,None,Paderborn,GER,1,1577.39196777,2015-02-08,2015-02-15
698,None,Paderborn,GER,1,1588.87463379,2015-02-16,2015-02-17
699,None,Paderborn,GER,1,1588.37097168,2015-02-18,2015-02-18
700,None,Paderborn,GER,1,1587.59008789,2015-02-19,2015-02-19
701,None,Paderborn,GER,1,1588.10681152,2015-02-20,2015-02-21
702,None,Paderborn,GER,1,1585.21008301,2015-02-22,2015-02-24
703,None,Paderborn,GER,1,1584.32019043,2015-02-25,2015-02-25
704,None,Paderborn,GER,1,1586.58898926,2015-02-26,2015-02-26
705,None,Paderborn,GER,1,1584.22070312,2015-02-27,2015-03-01
706,None,Paderborn,GER,1,1580.04614258,2015-03-02,2015-03-08
707,None,Paderborn,GER,1,1572.8269043,2015-03-09,2015-03-10
708,None,Paderborn,GER,1,1573.07775879,2015-03-11,2015-03-11
709,None,Paderborn,GER,1,1575.22717285,2015-03-12,2015-03-12
710,None,Paderborn,GER,1,1576.76293945,2015-03-13,2015-03-14
711,None,Paderborn,GER,1,1568.15063477,2015-03-15,2015-03-17
712,None,Paderborn,GER,1,1568.18408203,2015-03-18,2015-03-18
713,None,Paderborn,GER,1,1564.22692871,2015-03-19,2015-03-19
714,None,Paderborn,GER,1,1565.11767578,2015-03-20,2015-03-21
715,None,Paderborn,GER,1,1567.46643066,2015-03-22,2015-04-05
716,None,Paderborn,GER,1,1560.3807373,2015-04-06,2015-04-11
717,None,Paderborn,GER,1,1570.65002441,2015-04-12,2015-04-15
718,None,Paderborn,GER,1,1566.22839355,2015-04-16,2015-04-16
719,None,Paderborn,GER,1,1558.70336914,2015-04-17,2015-04-18
720,None,Paderborn,GER,1,1554.65148926,2015-04-19,2015-04-21
721,None,Paderborn,GER,1,1561.50891113,2015-04-22,2015-04-23
722,None,Paderborn,GER,1,1561.37390137,2015-04-24,2015-04-26
723,None,Paderborn,GER,1,1562.48144531,2015-04-27,2015-05-02
724,None,Paderborn,GER,1,1574.18835449,2015-05-03,2015-05-06
725,None,Paderborn,GER,1,1570.08679199,2015-05-07,2015-05-10
726,None,Paderborn,GER,1,1564.93896484,2015-05-11,2015-05-12
727,None,Paderborn,GER,1,1565.43786621,2015-05-13,2015-05-16
728,None,Paderborn,GER,1,1562.36193848,2015-05-17,2015-05-23
729,None,Paderborn,GER,1,1554.19970703,2015-05-24,2015-07-01
730,None,Paderborn,GER,2,1554.19970703,2015-07-02,2015-07-26
731,None,Paderborn,GER,2,1541.8026123,2015-07-27,2015-07-30
732,None,Paderborn,GER,2,1542.00524902,2015-07-31,2015-08-02
733,None,Paderborn,GER,2,1549.45495605,2015-08-03,2015-08-06
734,None,Paderborn,GER,2,1549.91394043,2015-08-07,2015-08-14
735,None,Paderborn,GER,2,1521.08886719,2015-08-15,2015-08-18
736,None,Paderborn,GER,2,1518.90405273,2015-08-19,2015-08-20
737,None,Paderborn,GER,2,1519.16174316,2015-08-21,2015-08-24
738,None,Paderborn,GER,2,1512.98999023,2015-08-25,2015-08-26
739,None,Paderborn,GER,2,1518.85253906,2015-08-27,2015-08-27
740,None,Paderborn,GER,2,1519.16064453,2015-08-28,2015-08-29
741,None,Paderborn,GER,2,1506.55493164,2015-08-30,2015-09-11
742,None,Paderborn,GER,2,1496.09533691,2015-09-12,2015-09-15
743,None,Paderborn,GER,2,1495.91210938,2015-09-16,2015-09-16
744,None,Paderborn,GER,2,1498.48937988,2015-09-17,2015-09-17
745,None,Paderborn,GER,2,1500.84802246,2015-09-18,2015-09-19
746,None,Paderborn,GER,2,1510.10961914,2015-09-20,2015-09-23
747,None,Paderborn,GER,2,1496.94763184,2015-09-24,2015-09-26
748,None,Paderborn,GER,2,1495.19091797,2015-09-27,2015-09-29
749,None,Paderborn,GER,2,1495.08898926,2015-09-30,2015-09-30
750,None,Paderborn,GER,2,1490.17321777,2015-10-01,2015-10-01
751,None,Paderborn,GER,2,1482.24536133,2015-10-02,2015-10-05
752,None,Paderborn,GER,2,1471.72692871,2015-10-06,2015-10-16
753,None,Paderborn,GER,2,1482.58898926,2015-10-17,2015-10-20
754,None,Paderborn,GER,2,1476.14025879,2015-10-21,2015-10-21
755,None,Paderborn,GER,2,1479.52587891,2015-10-22,2015-10-22
756,None,Paderborn,GER,2,1481.44384766,2015-10-23,2015-10-24
757,None,Paderborn,GER,2,1493.42285156,2015-10-25,2015-10-31
758,None,Paderborn,GER,2,1490.10827637,2015-11-01,2015-11-03
759,None,Paderborn,GER,2,1485.54553223,2015-11-04,2015-11-04
760,None,Paderborn,GER,2,1485.52355957,2015-11-05,2015-11-05
761,None,Paderborn,GER,2,1488.13110352,2015-11-06,2015-11-08
762,None,Paderborn,GER,2,1485.98022461,2015-11-09,2015-11-22
763,None,Paderborn,GER,2,1479.18933105,2015-11-23,2015-11-24
764,None,Paderborn,GER,2,1478.88378906,2015-11-25,2015-11-25
765,None,Paderborn,GER,2,1486.4420166,2015-11-26,2015-11-26
766,None,Paderborn,GER,2,1482.03417969,2015-11-27,2015-11-28
767,None,Paderborn,GER,2,1479.13171387,2015-11-29,2015-12-04
768,None,Paderborn,GER,2,1473.24658203,2015-12-05,2015-12-08
769,None,Paderborn,GER,2,1473.07067871,2015-12-09,2015-12-09
770,None,Paderborn,GER,2,1475.67724609,2015-12-10,2015-12-10
771,None,Paderborn,GER,2,1476.04760742,2015-12-11,2015-12-11
772,None,Paderborn,GER,2,1461.79150391,2015-12-12,2015-12-21
773,None,Paderborn,GER,2,1459.54736328,2015-12-22,2016-02-05
774,None,Paderborn,GER,2,1452.76135254,2016-02-06,2016-02-12
775,None,Paderborn,GER,2,1437.17834473,2016-02-13,2016-02-17
776,None,Paderborn,GER,2,1439.23303223,2016-02-18,2016-02-18
777,None,Paderborn,GER,2,1444.5480957,2016-02-19,2016-02-21
778,None,Paderborn,GER,2,1445.82397461,2016-02-22,2016-02-23
779,None,Paderborn,GER,2,1446.79785156,2016-02-24,2016-02-25
780,None,Paderborn,GER,2,1442.04907227,2016-02-26,2016-02-26
781,None,Paderborn,GER,2,1435.52661133,2016-02-27,2016-03-01
782,None,Paderborn,GER,2,1438.4375,2016-03-02,2016-03-05
783,None,Paderborn,GER,2,1437.3314209,2016-03-06,2016-03-08
784,None,Paderborn,GER,2,1437.72216797,2016-03-09,2016-03-10
785,None,Paderborn,GER,2,1439.06054688,2016-03-11,2016-03-11
786,None,Paderborn,GER,2,1449.51245117,2016-03-12,2016-03-16
787,None,Paderborn,GER,2,1452.33215332,2016-03-17,2016-03-17
788,None,Paderborn,GER,2,1452.7421875,2016-03-18,2016-03-18
789,None,Paderborn,GER,2,1449.17614746,2016-03-19,2016-04-01
790,None,Paderborn,GER,2,1442.92858887,2016-04-02,2016-04-05
791,None,Paderborn,GER,2,1443.50964355,2016-04-06,2016-04-06
792,None,Paderborn,GER,2,1447.48364258,2016-04-07,2016-04-07
793,None,Paderborn,GER,2,1446.09106445,2016-04-08,2016-04-08
794,None,Paderborn,GER,2,1430.39025879,2016-04-09,2016-04-12
795,None,Paderborn,GER,2,1425.92248535,2016-04-13,2016-04-13
796,None,Paderborn,GER,2,1426.62744141,2016-04-14,2016-04-14
797,None,Paderborn,GER,2,1422.87060547,2016-04-15,2016-04-15
798,None,Paderborn,GER,2,1434.67004395,2016-04-16,2016-04-23
799,None,Paderborn,GER,2,1437.25708008,2016-04-24,2016-04-27
800,None,Paderborn,GER,2,1435.3659668,2016-04-28,2016-04-29
801,None,Paderborn,GER,2,1431.36633301,2016-04-30,2016-05-03
802,None,Paderborn,GER,2,1430.58752441,2016-05-04,2016-05-08
803,None,Paderborn,GER,2,1423.55859375,2016-05-09,2016-05-15
804,None,Paderborn,GER,2,1418.13562012,2016-05-16,2016-07-01
805,None,Paderborn,GER,2,1354.42810059,2018-07-01,2018-07-26
806,None,Paderborn,GER,2,1355.64208984,2018-07-27,2018-08-02
807,None,Paderborn,GER,2,1355.61999512,2018-08-03,2018-08-05
808,None,Paderborn,GER,2,1351.63781738,2018-08-06,2018-08-09
809,None,Paderborn,GER,2,1352.30749512,2018-08-10,2018-08-10
810,None,Paderborn,GER,2,1363.71911621,2018-08-11,2018-08-16
811,None,Paderborn,GER,2,1364.07006836,2018-08-17,2018-08-23
812,None,Paderborn,GER,2,1363.90063477,2018-08-24,2018-08-25
813,None,Paderborn,GER,2,1367.10925293,2018-08-26,2018-08-30
814,None,Paderborn,GER,2,1368.40930176,2018-08-31,2018-08-31
815,None,Paderborn,GER,2,1369.02697754,2018-09-01,2018-09-16
816,None,Paderborn,GER,2,1388.83813477,2018-09-17,2018-09-18
817,None,Paderborn,GER,2,1390.92980957,2018-09-19,2018-09-19
818,None,Paderborn,GER,2,1395.15893555,2018-09-20,2018-09-20
819,None,Paderborn,GER,2,1398.82653809,2018-09-21,2018-09-23
820,None,Paderborn,GER,2,1396.09204102,2018-09-24,2018-09-26
821,None,Paderborn,GER,2,1390.28515625,2018-09-27,2018-09-29
822,None,Paderborn,GER,2,1396.52185059,2018-09-30,2018-10-02
823,None,Paderborn,GER,2,1392.5078125,2018-10-03,2018-10-03
824,None,Paderborn,GER,2,1397.83007812,2018-10-04,2018-10-04
825,None,Paderborn,GER,2,1406.92175293,2018-10-05,2018-10-07
826,None,Paderborn,GER,2,1417.2623291,2018-10-08,2018-10-21
827,None,Paderborn,GER,2,1418.43469238,2018-10-22,2018-10-23
828,None,Paderborn,GER,2,1419.32116699,2018-10-24,2018-10-24
829,None,Paderborn,GER,2,1425.08740234,2018-10-25,2018-10-25
830,None,Paderborn,GER,2,1423.81896973,2018-10-26,2018-10-27
831,None,Paderborn,GER,2,1422.09741211,2018-10-28,2018-11-03
832,None,Paderborn,GER,2,1411.8293457,2018-11-04,2018-11-06
833,None,Paderborn,GER,2,1411.25390625,2018-11-07,2018-11-07
834,None,Paderborn,GER,2,1412.53137207,2018-11-08,2018-11-08
835,None,Paderborn,GER,2,1411.64660645,2018-11-09,2018-11-09
836,None,Paderborn,GER,2,1412.63964844,2018-11-10,2018-11-25
837,None,Paderborn,GER,2,1434.83898926,2018-11-26,2018-11-27
838,None,Paderborn,GER,2,1432.70483398,2018-11-28,2018-11-28
839,None,Paderborn,GER,2,1428.19189453,2018-11-29,2018-11-29
840,None,Paderborn,GER,2,1427.39892578,2018-11-30,2018-11-30
841,None,Paderborn,GER,2,1425.8092041,2018-12-01,2018-12-07
842,None,Paderborn,GER,2,1422.4041748,2018-12-08,2018-12-11
843,None,Paderborn,GER,2,1425.8314209,2018-12-12,2018-12-12
844,None,Paderborn,GER,2,1424.83886719,2018-12-13,2018-12-13
845,None,Paderborn,GER,2,1430.04455566,2018-12-14,2018-12-15
846,None,Paderborn,GER,2,1441.78417969,2018-12-16,2018-12-23
847,None,Paderborn,GER,2,1455.5559082,2018-12-24,2019-01-30
848,None,Paderborn,GER,2,1446.55249023,2019-01-31,2019-02-02
849,None,Paderborn,GER,2,1460.8112793,2019-02-03,2019-02-09
850,None,Paderborn,GER,2,1470.23144531,2019-02-10,2019-02-13
851,None,Paderborn,GER,2,1466.23083496,2019-02-14,2019-02-14
852,None,Paderborn,GER,2,1467.98193359,2019-02-15,2019-02-15
853,None,Paderborn,GER,2,1477.60131836,2019-02-16,2019-02-19
854,None,Paderborn,GER,2,1478.21923828,2019-02-20,2019-02-20
855,None,Paderborn,GER,2,1477.52087402,2019-02-21,2019-02-21
856,None,Paderborn,GER,2,1478.48632812,2019-02-22,2019-02-24
857,None,Paderborn,GER,2,1477.50268555,2019-02-25,2019-03-02
858,None,Paderborn,GER,2,1468.30859375,2019-03-03,2019-03-05
859,None,Paderborn,GER,2,1466.79724121,2019-03-06,2019-03-07
860,None,Paderborn,GER,2,1466.12133789,2019-03-08,2019-03-09
861,None,Paderborn,GER,2,1458.38647461,2019-03-10,2019-03-12
862,None,Paderborn,GER,2,1457.85021973,2019-03-13,2019-03-13
863,None,Paderborn,GER,2,1452.16772461,2019-03-14,2019-03-14
864,None,Paderborn,GER,2,1456.02905273,2019-03-15,2019-03-17
865,None,Paderborn,GER,2,1463.62219238,2019-03-18,2019-03-30
866,None,Paderborn,GER,2,1479.40332031,2019-03-31,2019-04-06
867,None,Paderborn,GER,2,1479.2121582,2019-04-07,2019-04-11
868,None,Paderborn,GER,2,1476.21350098,2019-04-12,2019-04-13
869,None,Paderborn,GER,2,1484.58740234,2019-04-14,2019-04-18
870,None,Paderborn,GER,2,1490.3260498,2019-04-19,2019-04-20
871,None,Paderborn,GER,2,1500.0567627,2019-04-21,2019-04-28
872,None,Paderborn,GER,2,1509.05810547,2019-04-29,2019-05-02
873,None,Paderborn,GER,2,1508.34924316,2019-05-03,2019-05-03
874,None,Paderborn,GER,2,1497.31030273,2019-05-04,2019-05-09
875,None,Paderborn,GER,2,1499.50927734,2019-05-10,2019-05-12
876,None,Paderborn,GER,2,1511.67736816,2019-05-13,2019-05-19
877,None,Paderborn,GER,2,1499.22265625,2019-05-20,2019-07-01
878,None,Paderborn,GER,1,1499.22265625,2019-07-02,2019-07-25
879,None,Paderborn,GER,1,1499.21911621,2019-07-26,2019-08-01
880,None,Paderborn,GER,1,1499.22741699,2019-08-02,2019-08-08
881,None,Paderborn,GER,1,1499.70629883,2019-08-09,2019-08-15
882,None,Paderborn,GER,1,1499.73937988,2019-08-16,2019-08-17
883,None,Paderborn,GER,1,1497.97851562,2019-08-18,2019-08-22
884,None,Paderborn,GER,1,1495.64697266,2019-08-23,2019-08-24
885,None,Paderborn,GER,1,1486.46801758,2019-08-25,2019-08-29
886,None,Paderborn,GER,1,1490.60388184,2019-08-30,2019-08-31
887,None,Paderborn,GER,1,1497.36401367,2019-09-01,2019-09-15
888,None,Paderborn,GER,1,1486.75280762,2019-09-16,2019-09-17
889,None,Paderborn,GER,1,1491.06945801,2019-09-18,2019-09-18
890,None,Paderborn,GER,1,1486.92614746,2019-09-19,2019-09-19
891,None,Paderborn,GER,1,1473.47131348,2019-09-20,2019-09-21
892,None,Paderborn,GER,1,1469.80273438,2019-09-22,2019-09-28
893,None,Paderborn,GER,1,1468.8092041,2019-09-29,2019-10-01
894,None,Paderborn,GER,1,1473.40722656,2019-10-02,2019-10-02
895,None,Paderborn,GER,1,1470.38842773,2019-10-03,2019-10-03
896,None,Paderborn,GER,1,1471.40039062,2019-10-04,2019-10-05
897,None,Paderborn,GER,1,1465.83959961,2019-10-06,2019-10-20
898,None,Paderborn,GER,1,1457.51635742,2019-10-21,2019-10-22
899,None,Paderborn,GER,1,1457.78283691,2019-10-23,2019-10-23
900,None,Paderborn,GER,1,1455.41711426,2019-10-24,2019-10-24
901,None,Paderborn,GER,1,1457.20019531,2019-10-25,2019-10-26
902,None,Paderborn,GER,1,1471.29956055,2019-10-27,2019-11-01
903,None,Paderborn,GER,1,1467.84936523,2019-11-02,2019-11-05
904,None,Paderborn,GER,1,1473.12402344,2019-11-06,2019-11-06
905,None,Paderborn,GER,1,1477.53540039,2019-11-07,2019-11-07
906,None,Paderborn,GER,1,1470.32727051,2019-11-08,2019-11-09
907,None,Paderborn,GER,1,1463.74023438,2019-11-10,2019-11-22
908,None,Paderborn,GER,1,1471.98388672,2019-11-23,2019-11-26
909,None,Paderborn,GER,1,1476.69628906,2019-11-27,2019-11-27
910,None,Paderborn,GER,1,1474.3112793,2019-11-28,2019-11-28
911,None,Paderborn,GER,1,1481.89160156,2019-11-29,2019-11-30
912,None,Paderborn,GER,1,1479.63391113,2019-12-01,2019-12-08
913,None,Paderborn,GER,1,1493.61083984,2019-12-09,2019-12-10
914,None,Paderborn,GER,1,1494.15161133,2019-12-11,2019-12-11
915,None,Paderborn,GER,1,1492.90881348,2019-12-12,2019-12-12
916,None,Paderborn,GER,1,1485.17541504,2019-12-13,2019-12-14
917,None,Paderborn,GER,1,1486.35083008,2019-12-15,2019-12-18
918,None,Paderborn,GER,1,1483.3236084,2019-12-19,2019-12-22
919,None,Paderborn,GER,1,1494.85131836,2019-12-23,2020-01-19
920,None,Paderborn,GER,1,1488.45227051,2020-01-20,2020-01-25
921,None,Paderborn,GER,1,1506.88757324,2020-01-26,2020-02-02
922,None,Paderborn,GER,1,1499.18554688,2020-02-03,2020-02-08
923,None,Paderborn,GER,1,1505.46960449,2020-02-09,2020-02-15
924,None,Paderborn,GER,1,1498.90234375,2020-02-16,2020-02-18
925,None,Paderborn,GER,1,1500.36950684,2020-02-19,2020-02-19
926,None,Paderborn,GER,1,1503.3001709,2020-02-20,2020-02-20
927,None,Paderborn,GER,1,1511.46276855,2020-02-21,2020-02-21
928,None,Paderborn,GER,1,1510.85351562,2020-02-22,2020-02-25
929,None,Paderborn,GER,1,1513.9855957,2020-02-26,2020-02-27
930,None,Paderborn,GER,1,1523.25280762,2020-02-28,2020-02-28
931,None,Paderborn,GER,1,1524.78112793,2020-02-29,2020-02-29
932,None,Paderborn,GER,1,1519.00549316,2020-03-01,2020-03-06
933,None,Paderborn,GER,1,1513.40930176,2020-03-07,2020-03-10
934,None,Paderborn,GER,1,1517.19787598,2020-03-11,2020-03-11
935,None,Paderborn,GER,1,1512.78894043,2020-03-12,2020-03-12
936,None,Paderborn,GER,1,1504.23571777,2020-03-13,2020-05-16
937,None,Paderborn,GER,1,1508.03991699,2020-05-17,2020-05-23
938,None,Paderborn,GER,1,1511.47387695,2020-05-24,2020-05-27
939,None,Paderborn,GER,1,1515.5826416,2020-05-28,2020-05-31
940,None,Paderborn,GER,1,1511.29211426,2020-06-01,2020-06-06
941,None,Paderborn,GER,1,1519.40710449,2020-06-07,2020-06-13
942,None,Paderborn,GER,1,1506.18249512,2020-06-14,2020-06-16
943,None,Paderborn,GER,1,1501.1472168,2020-06-17,2020-06-20
944,None,Paderborn,GER,1,1496.67736816,2020-06-21,2020-06-27
945,None,Paderborn,GER,1,1493.99389648,2020-06-28,2020-07-01
946,None,Paderborn,GER,2,1493.99389648,2020-07-02,2020-08-05
947,None,Paderborn,GER,2,1490.32519531,2020-08-06,2020-08-06
948,None,Paderborn,GER,2,1488.61706543,2020-08-07,2020-08-08
949,None,Paderborn,GER,2,1489.0201416,2020-08-09,2020-08-10
950,None,Paderborn,GER,2,1486.52038574,2020-08-11,2020-08-13
951,None,Paderborn,GER,2,1489.93933105,2020-08-14,2020-08-14
952,None,Paderborn,GER,2,1495.79296875,2020-08-15,2020-08-18
953,None,Paderborn,GER,2,1491.95361328,2020-08-19,2020-08-19
954,None,Paderborn,GER,2,1493.2175293,2020-08-20,2020-08-23
955,None,Paderborn,GER,2,1495.02233887,2020-08-24,2020-09-17
956,None,Paderborn,GER,2,1495.89318848,2020-09-18,2020-09-20
957,None,Paderborn,GER,2,1488.07177734,2020-09-21,2020-09-24
958,None,Paderborn,GER,2,1489.24694824,2020-09-25,2020-09-28
959,None,Paderborn,GER,2,1481.15319824,2020-09-29,2020-10-01
960,None,Paderborn,GER,2,1477.82397461,2020-10-02,2020-10-03
961,None,Paderborn,GER,2,1479.83349609,2020-10-04,2020-10-18
962,None,Paderborn,GER,2,1487.95080566,2020-10-19,2020-10-20
963,None,Paderborn,GER,2,1483.86682129,2020-10-21,2020-10-21
964,None,Paderborn,GER,2,1487.99755859,2020-10-22,2020-10-22
965,None,Paderborn,GER,2,1491.44458008,2020-10-23,2020-10-25
966,None,Paderborn,GER,2,1491.77490234,2020-10-26,2020-10-27
967,None,Paderborn,GER,2,1493.08666992,2020-10-28,2020-10-28
968,None,Paderborn,GER,2,1489.57946777,2020-10-29,2020-10-29
969,None,Paderborn,GER,2,1487.92102051,2020-10-30,2020-10-31
970,None,Paderborn,GER,2,1496.98034668,2020-11-01,2020-11-03
971,None,Paderborn,GER,2,1507.27258301,2020-11-04,2020-11-04
972,None,Paderborn,GER,2,1512.77636719,2020-11-05,2020-11-05
973,None,Paderborn,GER,2,1514.68127441,2020-11-06,2020-11-08
974,None,Paderborn,GER,2,1533.6940918,2020-11-09,2020-11-21
975,None,Paderborn,GER,2,1540.52990723,2020-11-22,2020-11-24
976,None,Paderborn,GER,2,1539.88024902,2020-11-25,2020-11-25
977,None,Paderborn,GER,2,1543.76574707,2020-11-26,2020-11-26
978,None,Paderborn,GER,2,1545.37976074,2020-11-27,2020-11-28
979,None,Paderborn,GER,2,1536.35705566,2020-11-29,2020-12-01
980,None,Paderborn,GER,2,1532.42834473,2020-12-02,2020-12-02
981,None,Paderborn,GER,2,1531.73205566,2020-12-03,2020-12-03
982,None,Paderborn,GER,2,1531.94116211,2020-12-04,2020-12-06
983,None,Paderborn,GER,2,1517.0916748,2020-12-07,2020-12-08
984,None,Paderborn,GER,2,1520.68737793,2020-12-09,2020-12-09
985,None,Paderborn,GER,2,1518.56286621,2020-12-10,2020-12-10
986,None,Paderborn,GER,2,1521.71594238,2020-12-11,2020-12-11
987,None,Paderborn,GER,2,1509.91906738,2020-12-12,2020-12-16
988,None,Paderborn,GER,2,1506.40527344,2020-12-17,2020-12-19
989,None,Paderborn,GER,2,1514.60778809,2020-12-20,2021-01-04
990,None,Paderborn,GER,2,1509.4017334,2021-01-05,2021-01-10
991,None,Paderborn,GER,2,1516.42712402,2021-01-11,2021-01-15
992,None,Paderborn,GER,2,1517.4152832,2021-01-16,2021-01-23
993,None,Paderborn,GER,2,1521.5020752,2021-01-24,2021-01-27
994,None,Paderborn,GER,2,1520.99926758,2021-01-28,2021-01-30
995,None,Paderborn,GER,2,1513.26098633,2021-01-31,2021-02-12
996,None,Paderborn,GER,2,1515.24694824,2021-02-13,2021-02-16
997,None,Paderborn,GER,2,1511.38696289,2021-02-17,2021-02-17
998,None,Paderborn,GER,2,1514.9720459,2021-02-18,2021-02-18
999,None,Paderborn,GER,2,1513.46459961,2021-02-19,2021-02-20
1000,None,Paderborn,GER,2,1518.35168457,2021-02-21,2021-02-23
1001,None,Paderborn,GER,2,1518.5657959,2021-02-24,2021-02-24
1002,None,Paderborn,GER,2,1517.4050293,2021-02-25,2021-02-25
1003,None,Paderborn,GER,2,1500.24755859,2021-02-26,2021-02-26
1004,None,Paderborn,GER,2,1491.76599121,2021-02-27,2021-03-05
1005,None,Paderborn,GER,2,1481.72338867,2021-03-06,2021-03-09
1006,None,Paderborn,GER,2,1482.265625,2021-03-10,2021-03-10
1007,None,Paderborn,GER,2,1479.734375,2021-03-11,2021-03-15
1008,None,Paderborn,GER,2,1491.85974121,2021-03-16,2021-03-16
1009,None,Paderborn,GER,2,1491.6920166,2021-03-17,2021-03-17
1010,None,Paderborn,GER,2,1491.70349121,2021-03-18,2021-03-19
1011,None,Paderborn,GER,2,1490.40490723,2021-03-20,2021-04-04
1012,None,Paderborn,GER,2,1481.95251465,2021-04-05,2021-04-06
1013,None,Paderborn,GER,2,1481.78210449,2021-04-07,2021-04-07
1014,None,Paderborn,GER,2,1477.82531738,2021-04-08,2021-04-10
1015,None,Paderborn,GER,2,1493.6887207,2021-04-11,2021-04-13
1016,None,Paderborn,GER,2,1493.48352051,2021-04-14,2021-04-14
1017,None,Paderborn,GER,2,1492.4420166,2021-04-15,2021-04-16
1018,None,Paderborn,GER,2,1490.99072266,2021-04-17,2021-04-21
1019,None,Paderborn,GER,2,1486.31921387,2021-04-22,2021-04-24
1020,None,Paderborn,GER,2,1495.15332031,2021-04-25,2021-05-09
1021,None,Paderborn,GER,2,1513.20581055,2021-05-10,2021-05-16
1022,None,Paderborn,GER,2,1500.90795898,2021-05-17,2021-05-23
1023,None,Paderborn,GER,2,1498.02038574,2021-05-24,2021-07-24
1024,None,Paderborn,GER,2,1499.0423584,2021-07-25,2021-07-30
1025,None,Paderborn,GER,2,1496.51745605,2021-07-31,2021-08-15
1026,None,Paderborn,GER,2,1516.58557129,2021-08-16,2021-08-19
1027,None,Paderborn,GER,2,1517.00134277,2021-08-20,2021-08-21
1028,None,Paderborn,GER,2,1524.92834473,2021-08-22,2021-08-26
1029,None,Paderborn,GER,2,1525.07104492,2021-08-27,2021-08-29
1030,None,Paderborn,GER,2,1537.23486328,2021-08-30,2021-09-12
1031,None,Paderborn,GER,2,1527.26574707,2021-09-13,2021-09-14
1032,None,Paderborn,GER,2,1531.95202637,2021-09-15,2021-09-15
1033,None,Paderborn,GER,2,1531.71984863,2021-09-16,2021-09-16
1034,None,Paderborn,GER,2,1526.79797363,2021-09-17,2021-09-19
1035,None,Paderborn,GER,2,1537.15869141,2021-09-20,2021-09-25
1036,None,Paderborn,GER,2,1526.45800781,2021-09-26,2021-09-28
1037,None,Paderborn,GER,2,1522.75708008,2021-09-29,2021-09-29
1038,None,Paderborn,GER,2,1523.66918945,2021-09-30,2021-09-30
1039,None,Paderborn,GER,2,1529.97888184,2021-10-01,2021-10-02
1040,None,Paderborn,GER,2,1539.28625488,2021-10-03,2021-10-15
1041,None,Paderborn,GER,2,1536.26220703,2021-10-16,2021-10-19
1042,None,Paderborn,GER,2,1530.52624512,2021-10-20,2021-10-20
1043,None,Paderborn,GER,2,1530.8503418,2021-10-21,2021-10-21
1044,None,Paderborn,GER,2,1530.35449219,2021-10-22,2021-10-22
1045,None,Paderborn,GER,2,1521.63818359,2021-10-23,2021-10-31
1046,None,Paderborn,GER,2,1533.35070801,2021-11-01,2021-11-02
1047,None,Paderborn,GER,2,1536.953125,2021-11-03,2021-11-03
1048,None,Paderborn,GER,2,1533.14697266,2021-11-04,2021-11-04
1049,None,Paderborn,GER,2,1537.0904541,2021-11-05,2021-11-06
1050,None,Paderborn,GER,2,1539.86743164,2021-11-07,2021-11-19
1051,None,Paderborn,GER,2,1538.34020996,2021-11-20,2021-11-23
1052,None,Paderborn,GER,2,1536.8425293,2021-11-24,2021-11-24
1053,None,Paderborn,GER,2,1536.99438477,2021-11-25,2021-11-25
1054,None,Paderborn,GER,2,1537.11450195,2021-11-26,2021-11-28
1055,None,Paderborn,GER,2,1532.17907715,2021-11-29,2021-12-04
1056,None,Paderborn,GER,2,1529.32275391,2021-12-05,2021-12-07
1057,None,Paderborn,GER,2,1534.22143555,2021-12-08,2021-12-08
1058,None,Paderborn,GER,2,1531.24938965,2021-12-09,2021-12-09
1059,None,Paderborn,GER,2,1524.70080566,2021-12-10,2021-12-11
1060,None,Paderborn,GER,2,1516.12182617,2021-12-12,2021-12-18
1061,None,Paderborn,GER,2,1505.70239258,2021-12-19,2022-01-15
1062,None,Paderborn,GER,2,1514.6126709,2022-01-16,2022-01-22
1063,None,Paderborn,GER,2,1506.94116211,2022-01-23,2022-02-05
1064,None,Paderborn,GER,2,1508.13024902,2022-02-06,2022-02-12
1065,None,Paderborn,GER,2,1503.68908691,2022-02-13,2022-02-16
1066,None,Paderborn,GER,2,1503.73510742,2022-02-17,2022-02-17
1067,None,Paderborn,GER,2,1497.32763672,2022-02-18,2022-02-18
1068,None,Paderborn,GER,2,1488.96142578,2022-02-19,2022-02-24
1069,None,Paderborn,GER,2,1491.16638184,2022-02-25,2022-02-25
1070,None,Paderborn,GER,2,1486.19628906,2022-02-26,2022-03-04
1071,None,Paderborn,GER,2,1494.96875,2022-03-05,2022-03-08
1072,None,Paderborn,GER,2,1496.91357422,2022-03-09,2022-03-09
1073,None,Paderborn,GER,2,1499.57629395,2022-03-10,2022-03-10
1074,None,Paderborn,GER,2,1498.51098633,2022-03-11,2022-03-12
1075,None,Paderborn,GER,2,1496.91247559,2022-03-13,2022-03-17
1076,None,Paderborn,GER,2,1494.39257812,2022-03-18,2022-03-20
1077,None,Paderborn,GER,2,1485.95812988,2022-03-21,2022-04-02
1078,None,Paderborn,GER,2,1496.81982422,2022-04-03,2022-04-06
1079,None,Paderborn,GER,2,1495.37902832,2022-04-07,2022-04-07
1080,None,Paderborn,GER,2,1494.48132324,2022-04-08,2022-04-10
1081,None,Paderborn,GER,2,1492.54675293,2022-04-11,2022-04-12
1082,None,Paderborn,GER,2,1488.15942383,2022-04-13,2022-04-14
1083,None,Paderborn,GER,2,1499.03100586,2022-04-15,2022-04-17
1084,None,Paderborn,GER,2,1504.56640625,2022-04-18,2022-04-24
1085,None,Paderborn,GER,2,1513.63586426,2022-04-25,2022-04-28
1086,None,Paderborn,GER,2,1517.0592041,2022-04-29,2022-04-30
1087,None,Paderborn,GER,2,1515.74145508,2022-05-01,2022-05-05
1088,None,Paderborn,GER,2,1513.1184082,2022-05-06,2022-05-06
1089,None,Paderborn,GER,2,1520.39953613,2022-05-07,2022-05-15
1090,None,Paderborn,GER,2,1509.30200195,2022-05-16,2022-05-28
1091,None,Paderborn,GER,2,1509.30200195,2022-05-29,2022-12-31
